<?xml version="1.0" encoding="UTF-8"?>
<rss version="2.0" xmlns:atom="https://www.w3.org/2005/Atom" xmlns:dc="https://purl.org/dc/elements/1.1/">
  <channel>
    <title>BLOGHICN</title>
    <description></description>
    <link>http://localhost:4000</link>
    <atom:link href="http://localhost:4000/feed.xml" rel="self" type="application/rss+xml" />
    
      <item>
        <title>Save HTML to Doc Type</title>
        <description>Save HTML to Doc Type ialah website editor yang bisa disimpan dalam bentuk Doc type.</description>
        <pubDate>Wed, 02 Aug 2017 00:00:00 +0700</pubDate>
        <link>http://localhost:4000/posts/save-html-to-doc-type</link>
        <guid isPermaLink="true">http://localhost:4000/posts/save-html-to-doc-type</guid>
      </item>
    
      <item>
        <title>Minipedia Reborn</title>
        <description>Minipedia Reborn ialah website yang digunakan untuk mencari ringkasan konten di wikipedia.</description>
        <pubDate>Mon, 24 Jul 2017 00:00:00 +0700</pubDate>
        <link>http://localhost:4000/posts/minipedia-reborn</link>
        <guid isPermaLink="true">http://localhost:4000/posts/minipedia-reborn</guid>
      </item>
    
      <item>
        <title>Permainan kecepatan ketik (tesketik)</title>
        <description>tesketik ialah website yang digunakan untuk mengetes kecepatan ketik anda dalam waktu 1 menit.</description>
        <pubDate>Sun, 23 Jul 2017 00:00:00 +0700</pubDate>
        <link>http://localhost:4000/posts/permainan-kecepatan-ketik</link>
        <guid isPermaLink="true">http://localhost:4000/posts/permainan-kecepatan-ketik</guid>
      </item>
    
      <item>
        <title>Ini Ceritaku</title>
        <description>sebuah website yang digunakan untuk share cerita kamu :smile:</description>
        <pubDate>Thu, 06 Apr 2017 00:00:00 +0700</pubDate>
        <link>http://localhost:4000/posts/research-ideku</link>
        <guid isPermaLink="true">http://localhost:4000/posts/research-ideku</guid>
      </item>
    
      <item>
        <title>Cheat sheets markdown emoji</title>
        <description>Kumpulan markdown emoji yang mudah untuk digunakan, tinggal copy paste :blush:</description>
        <pubDate>Wed, 05 Apr 2017 00:00:00 +0700</pubDate>
        <link>http://localhost:4000/posts/cheat-sheets-markdown-emoji</link>
        <guid isPermaLink="true">http://localhost:4000/posts/cheat-sheets-markdown-emoji</guid>
      </item>
    
      <item>
        <title>wp_list_pluck() ialah sebuah fitur wordpress yang menakjubkan</title>
        <description>wp_list_pluck(), fitur wordpress yang membuat kode semakin simple.</description>
        <pubDate>Tue, 04 Apr 2017 00:00:00 +0700</pubDate>
        <link>http://localhost:4000/posts/wp-list-pluck-ialah-sebuah-fitur-wordpress-yang-menakjubkan</link>
        <guid isPermaLink="true">http://localhost:4000/posts/wp-list-pluck-ialah-sebuah-fitur-wordpress-yang-menakjubkan</guid>
      </item>
    
      <item>
        <title>Tutorial membuat login form pada private page atau post wordpress</title>
        <description>Secara default page atau post private tidak akan ditampilkan jika pengguna tidak login.</description>
        <pubDate>Mon, 03 Apr 2017 00:00:00 +0700</pubDate>
        <link>http://localhost:4000/posts/tutorial-membuat-login-form-pada-private-post-page</link>
        <guid isPermaLink="true">http://localhost:4000/posts/tutorial-membuat-login-form-pada-private-post-page</guid>
      </item>
    
      <item>
        <title>Mengenal Markdown</title>
        <description>Markdown ialah sintaks ringan dan mudah digunakan untuk styling pada semua bentuk tulisan.</description>
        <pubDate>Thu, 23 Mar 2017 00:00:00 +0700</pubDate>
        <link>http://localhost:4000/posts/mengenal-markdown</link>
        <guid isPermaLink="true">http://localhost:4000/posts/mengenal-markdown</guid>
      </item>
    
      <item>
        <title>Peluncuran blog baru bro</title>
        <description>bloghicn ialah blog yang dibuat dengan sangat simple alias tanpa biaya sepeserpun. Hehehe.</description>
        <pubDate>Mon, 20 Mar 2017 00:00:00 +0700</pubDate>
        <link>http://localhost:4000/posts/peluncuran-blog-baru</link>
        <guid isPermaLink="true">http://localhost:4000/posts/peluncuran-blog-baru</guid>
      </item>
    
  </channel>
</rss>
